Album,Song
Blue Slide Park,English Lane
Blue Slide Park,Blue Slide Park
Blue Slide Park,Party on Fifth Ave.
Blue Slide Park,PA Nights
Blue Slide Park,Frick Park Market
Blue Slide Park,Smile Back
Blue Slide Park,Under the Weather
Blue Slide Park,Of the Soul
Blue Slide Park,My Team
Blue Slide Park,Up All Night
Blue Slide Park,Loitering
Blue Slide Park,Hole in My Pocket
Blue Slide Park,Diamonds & Gold
Blue Slide Park,Missed Calls
Blue Slide Park,Man in the Hat
Blue Slide Park,One Last Thing
Watching Movies with the Sound Off,The Star Room
Watching Movies with the Sound Off,I'm Not Real
Watching Movies with the Sound Off,S.D.S.
Watching Movies with the Sound Off,Bird Call
Watching Movies with the Sound Off,Matches
Watching Movies with the Sound Off,I Am Who Am (Killin' Time)
Watching Movies with the Sound Off,Objects in the Mirror
Watching Movies with the Sound Off,Red Dot Music
Watching Movies with the Sound Off,Gees
Watching Movies with the Sound Off,Watching Movies
Watching Movies with the Sound Off,Suplexes Inside of Complexes and Duplexes
Watching Movies with the Sound Off,Remember
Watching Movies with the Sound Off,Someone Like You
Watching Movies with the Sound Off,Aquarium
Watching Movies with the Sound Off,Youforia
Watching Movies with the Sound Off,Goosebumpz
Watching Movies with the Sound Off,O.K.
Watching Movies with the Sound Off,Claymation
GO:OD AM,Doors
GO:OD AM,Brand Name
GO:OD AM,Rush Hour
GO:OD AM,Two Matches
GO:OD AM,100 Grandkids
GO:OD AM,Time Flies
GO:OD AM,Weekend
GO:OD AM,Clubhouse
GO:OD AM,In the Bag
GO:OD AM,Break the Law
GO:OD AM,Perfect Circle/ God Speed
GO:OD AM,When in Rome
GO:OD AM,ROS
GO:OD AM,Cut the Check
GO:OD AM,Ascension
GO:OD AM,Jump
GO:OD AM,The Festival
The Divine Feminine,Congratulations
The Divine Feminine,Dang!
The Divine Feminine,Stay
The Divine Feminine,Skin
The Divine Feminine,Cinderella
The Divine Feminine,Planet God Damn
The Divine Feminine,Soulmate
The Divine Feminine,Weekend
The Divine Feminine,My Favorite Part
The Divine Feminine,"God is Fair, Sexy Nasty"
Swimming,Come Back to Earth
Swimming,Hurt Feelings
Swimming,What's the Use?
Swimming,Perfecto
Swimming,Self Care
Swimming,Wings
Swimming,Ladders
Swimming,Small Worlds
Swimming,Conversation Pt. 1
Swimming,Dunno
Swimming,Jet Fuel
Swimming,2009
Swimming,So It Goes
Circles,Circles
Circles,Complicated
Circles,Blue World
Circles,Good News
Circles,I Can See
Circles,Everybody
Circles,Woods
Circles,Hand Me Downs
Circles,That's on Me
Circles,Hands
Circles,Surf
Circles,Once a Day
Circles,Right
Circles,Floating
